ticker,timestamp,open,high,low,close,volume
ABBV,2023/10/16,148.47,150.4,145.355,147.23,42906921
ABBV,2023/09/29,147.36,154.88,143.74,149.06,85059957
ABBV,2023/08/31,150.0,153.6,145.94,146.96,89768321
ABBV,2023/07/31,134.0,151.76,132.7,149.58,119863991
ABBV,2023/06/30,135.26,139.67,130.9601,134.73,135189166
ABBV,2023/05/31,150.84,155.02,135.25,137.96,120201771
ABBV,2023/04/28,158.25,166.2,147.16,151.12,98825274
ABBV,2023/03/31,152.76,159.7,146.575,159.37,153989811
ABBV,2023/02/28,146.63,154.745,143.44,153.9,119527203
ABBV,2023/01/31,162.04,168.11,144.41,147.75,119769796
ABBV,2022/12/30,161.0,167.75,159.82,161.61,102509521
ABBV,2022/11/30,146.66,161.18,143.03,161.18,113847877
ABBV,2022/10/31,135.88,153.99,135.3058,146.4,114547120
ABBV,2022/09/30,134.64,145.54,134.09,134.21,125265425
ABBV,2022/08/31,141.51,143.98,134.17,134.46,109508278
ABBV,2022/07/29,153.08,155.25,139.05,143.51,116519638
ABBV,2022/06/30,147.79,156.62,135.76,153.16,132594299
ABBV,2022/05/31,146.65,156.89,143.44,147.37,143481531
ABBV,2022/04/29,162.15,175.91,139.93,146.88,178745398
ABBV,2022/03/31,147.67,164.659,146.21,162.11,150829420
ABBV,2022/02/28,137.37,150.36,133.05,147.77,164140888
ABBV,2022/01/31,135.41,138.3,128.26,136.89,168301644
ABBV,2021/12/31,115.78,136.83,115.6,135.4,149689413
ABBV,2021/11/30,115.25,119.33,113.57,115.28,110962762
ABBV,2021/10/29,108.25,114.92,106.86,114.67,137405538
ABBV,2021/09/30,121.0,121.53,105.56,107.87,210525485
ABBV,2021/08/31,116.89,121.4,112.92,120.78,119733215
ABBV,2021/07/30,112.95,119.15,112.89,116.3,120210275
ABBV,2021/06/30,113.7,116.99,110.65,112.64,125324817
ABBV,2021/05/28,112.4,118.28,111.59,113.2,151432684
ABBV,2021/04/30,108.92,112.61,104.17,111.5,134588899
ABBV,2021/03/31,108.53,111.08,102.05,108.22,168030371
ABBV,2021/02/26,103.0,110.27,101.86,107.74,141831911
ABBV,2021/01/29,107.18,113.41,101.8117,102.48,147712852
ABBV,2020/12/31,105.05,109.15,101.5478,107.15,142797150
ABBV,2020/11/30,86.03,105.8,86.0,104.58,202165468
ABBV,2020/10/30,88.17,88.8,79.1101,85.1,171550035
ABBV,2020/09/30,95.52,95.92,85.32,87.59,165933331
ABBV,2020/08/31,95.19,97.42,91.78,95.77,135946804
ABBV,2020/07/31,98.5,101.28,93.55,94.91,142070249
ABBV,2020/06/30,92.05,99.35,89.6,98.18,187430663
ABBV,2020/05/29,81.95,93.66,80.5,92.67,272446683
ABBV,2020/04/30,72.12,85.97,71.43,82.2,204672429
ABBV,2020/03/31,86.0,91.86,62.55,76.19,368052041
ABBV,2020/02/28,81.31,97.86,80.92,85.71,204643938
ABBV,2020/01/31,89.08,90.29,80.41,81.02,191549416
ABBV,2019/12/31,87.84,91.99,85.59,88.54,141829998
ABBV,2019/11/29,80.03,90.41,79.13,87.73,162856799
ABBV,2019/10/31,75.89,79.79,71.57,79.55,165129444
ABBV,2019/09/30,65.78,76.44,64.44,75.72,167829742
ABBV,2019/08/30,66.93,68.46,62.66,65.74,190272201
ABBV,2019/07/31,73.5,74.97,65.63,66.62,245440413
ABBV,2019/06/28,76.63,79.34,65.06,72.72,258341384
ABBV,2019/05/31,79.6,81.75,75.62,76.71,101085914
ABBV,2019/04/30,80.98,84.73,76.81,79.39,127086596
ABBV,2019/03/29,79.77,81.99,77.09,80.59,128127680
ABBV,2019/02/28,80.25,81.7,77.52,79.24,108610842
ABBV,2019/01/31,91.24,92.3,75.77,80.29,181094702
ABBV,2018/12/31,94.32,94.98,82.41,92.19,125818347
ABBV,2018/11/30,77.71,94.27,77.5,94.27,162382805
ABBV,2018/10/31,94.74,96.6,77.74,77.85,138287641
ABBV,2018/09/28,95.97,96.4,90.4,94.58,98561247
ABBV,2018/08/31,92.29,100.23,92.28,95.98,111960508
ABBV,2018/07/31,92.06,98.95,86.76,92.23,145194414
ABBV,2018/06/29,97.93,101.08,90.81,92.65,161878296
ABBV,2018/05/31,102.1,107.25,98.5,98.94,243029478
ABBV,2018/04/30,94.0,99.42,88.22,96.55,139836727
ABBV,2018/03/29,115.91,121.45,91.12,94.65,164890242
ABBV,2018/02/28,112.24,122.0,101.0,115.83,136960541
ABBV,2018/01/31,97.14,125.86,96.75,112.22,140712023
ABBV,2017/12/29,97.19,99.1,92.9,96.71,83433841
ABBV,2017/11/30,90.78,97.53,90.19,96.92,99591695
ABBV,2017/10/31,89.74,98.26,85.24,90.25,134875020
ABBV,2017/09/29,75.59,90.95,74.73,88.86,190163376
ABBV,2017/08/31,70.03,75.4,69.47,75.3,97289161
ABBV,2017/07/31,72.76,75.04,69.38,69.91,97993936
ABBV,2017/06/30,66.255,73.67,66.12,72.51,129951733
ABBV,2017/05/31,66.0,67.4,64.61,66.02,122414187
ABBV,2017/04/28,65.24,67.5,63.1153,65.94,103181206
ABBV,2017/03/31,62.16,66.79,61.95,65.16,143065659
ABBV,2017/02/28,61.07,62.4,60.05,61.84,126886059
ABBV,2017/01/31,62.92,64.5,59.27,61.11,156332934
ABBV,2016/12/30,60.83,63.33,58.75,62.62,149402248
ABBV,2016/11/30,56.0,65.05,55.68,60.8,195493786
ABBV,2016/10/31,63.02,63.75,55.0623,55.78,133963726
ABBV,2016/09/30,64.1,65.33,62.45,63.07,137679158
ABBV,2016/08/31,66.23,68.1239,63.5,64.1,150348235
ABBV,2016/07/29,61.98,66.4,61.77,66.23,153738770
ABBV,2016/06/30,62.9,65.37,58.329,61.91,211643211
ABBV,2016/05/31,60.79,63.87,58.5,62.93,206072595
ABBV,2016/04/29,56.58,62.1,56.36,61.0,140372529
ABBV,2016/03/31,54.78,57.87,54.24,57.12,140975748
ABBV,2016/02/29,54.16,57.31,51.6,54.61,183326177
ABBV,2016/01/29,58.06,59.81,50.71,54.9,217448415
ABBV,2015/12/31,58.23,60.12,53.24,59.24,160563343
ABBV,2015/11/30,61.6,64.3,57.9601,58.15,157989326
ABBV,2015/10/30,54.68,60.73,45.45,59.55,267028489
ABBV,2015/09/30,61.33,62.28,51.88,54.41,241006805
ABBV,2015/08/31,70.19,70.79,53.87,62.41,221506155
ABBV,2015/07/31,67.9,71.6,67.32,70.01,181337781
ABBV,2015/06/30,66.8,70.75,66.1,67.19,211499136
ABBV,2015/05/29,65.09,67.99,63.4,66.59,219974354
ABBV,2015/04/30,58.48,66.66,56.33,64.66,261299822
ABBV,2015/03/31,60.3,61.73,54.78,58.54,293327180
ABBV,2015/02/27,61.49,61.9,55.18,60.5,258894328
ABBV,2015/01/30,65.62,68.29,60.12,60.35,167896336
ABBV,2014/12/31,69.08,70.76,64.02,65.44,157658512
ABBV,2014/11/28,63.66,69.48,61.31,69.2,121409781
ABBV,2014/10/31,57.93,63.99,52.06,63.46,466041542
ABBV,2014/09/30,55.43,60.02,54.83,57.76,240252876
ABBV,2014/08/29,52.03,55.94,51.37,55.28,213154600
ABBV,2014/07/31,56.42,58.27,51.82,52.34,325939300
ABBV,2014/06/30,54.43,56.9,52.29,56.44,122883700
ABBV,2014/05/30,51.89,54.61,50.31,54.33,92470200
ABBV,2014/04/30,51.62,54.44,45.5,52.08,154855500
ABBV,2014/03/31,50.34,54.73,49.79,51.4,122225700
ABBV,2014/02/28,49.4,52.11,46.95,50.91,120695900
ABBV,2014/01/31,52.12,52.7,46.42,49.23,163880000
ABBV,2013/12/31,48.49,54.78,48.02,52.81,142934200
ABBV,2013/11/29,48.64,49.96,46.83,48.45,88611100
ABBV,2013/10/31,44.81,50.2,44.32,48.45,117974800
ABBV,2013/09/30,43.0,48.42,42.31,44.73,95067300
ABBV,2013/08/30,45.14,45.9,42.25,42.61,78325100
ABBV,2013/07/31,41.4,45.91,41.07,45.48,85701800
ABBV,2013/06/28,42.88,44.47,40.1,41.34,107872600
ABBV,2013/05/31,45.74,48.0,42.6825,42.69,119566400
ABBV,2013/04/30,39.96,46.32,39.96,46.05,176083000
ABBV,2013/03/28,36.8,40.8,36.551,40.78,122236200
ABBV,2013/02/28,36.84,39.13,35.01,36.92,151690500
BMY,2023/10/16,58.01,58.06,55.695,57.17,114261201
BMY,2023/09/29,61.83,62.395,57.61,58.04,234209651
BMY,2023/08/31,62.32,63.41,59.71,61.65,258003379
BMY,2023/07/31,63.94,65.375,60.05,62.19,183981919
BMY,2023/06/30,64.46,66.46,62.88,63.95,171664615
BMY,2023/05/31,67.28,69.1,63.07,64.44,194761316
BMY,2023/04/28,69.03,71.065,66.02,66.77,134270584
BMY,2023/03/31,68.7,69.785,65.275,69.31,186872352
BMY,2023/02/28,72.94,75.18,68.815,68.96,155705191
BMY,2023/01/31,71.76,75.0,70.75,72.65,164846175
BMY,2022/12/30,80.48,81.435,70.87,71.95,187192603
BMY,2022/11/30,77.0,81.1699,74.5535,80.28,199338785
BMY,2022/10/31,71.355,78.66,68.33,77.47,185041818
BMY,2022/09/30,67.39,75.99,67.21,71.09,227462986
BMY,2022/08/31,73.76,75.86,65.95,67.41,200473741
BMY,2022/07/29,76.98,77.095,72.26,73.78,192581427
BMY,2022/06/30,75.34,80.59,71.71,77.0,277642621
BMY,2022/05/31,75.37,78.615,73.669,75.45,332001818
BMY,2022/04/29,73.19,78.17,73.0,75.27,300515185
BMY,2022/03/31,68.12,74.07,67.325,73.03,351726314
BMY,2022/02/28,65.01,69.32,62.9,68.67,304191329
BMY,2022/01/31,62.07,65.85,60.86,64.89,261788074
BMY,2021/12/31,53.94,63.17,53.91,62.35,304122692
BMY,2021/11/30,58.3,60.2,53.22,53.63,272618069
BMY,2021/10/29,59.37,60.025,56.11,58.4,253979145
BMY,2021/09/30,67.29,67.29,59.15,59.17,220801906
BMY,2021/08/31,68.2,69.75,66.51,66.86,152250732
BMY,2021/07/30,66.42,69.27,65.78,67.87,181215182
BMY,2021/06/30,66.4,67.94,63.22,66.82,219846935
BMY,2021/05/28,62.7,67.96,62.6501,65.72,190629985
BMY,2021/04/30,63.18,66.93,61.51,62.42,236873713
BMY,2021/03/31,61.9,64.415,58.625,63.13,284392857
BMY,2021/02/26,61.91,64.635,59.37,61.33,260131077
BMY,2021/01/29,61.74,67.1599,60.465,61.43,236934452
BMY,2020/12/31,63.15,63.74,59.92,62.03,213133846
BMY,2020/11/30,59.19,66.23,58.84,62.4,226022497
BMY,2020/10/30,60.38,62.42,56.754,58.45,221908939
BMY,2020/09/30,62.2,62.26,56.9,60.29,227368049
BMY,2020/08/31,59.11,64.27,58.53,62.2,189644867
BMY,2020/07/31,59.19,60.68,57.16,58.66,216654061
BMY,2020/06/30,59.46,62.17,54.07,58.8,365297932
BMY,2020/05/29,60.85,65.34,59.11,59.72,346624645
BMY,2020/04/30,53.62,63.18,53.52,60.81,311118114
BMY,2020/03/31,59.57,61.85,45.76,55.74,446442897
BMY,2020/02/28,63.1,67.8,56.37,59.06,253859907
BMY,2020/01/31,63.85,68.34,62.51,62.95,314437494
BMY,2019/12/31,57.34,64.75,56.68,64.19,332054768
BMY,2019/11/29,57.99,59.18,55.3,56.94,510130400
BMY,2019/10/31,51.09,58.22,48.55,57.37,277474268
BMY,2019/09/30,47.89,51.43,47.26,50.71,181610813
BMY,2019/08/30,44.55,49.14,44.41,48.07,265004195
BMY,2019/07/31,45.71,46.68,42.48,44.41,304751297
BMY,2019/06/28,45.26,49.55,44.54,45.35,268589656
BMY,2019/05/31,46.32,49.81,44.86,45.37,292590044
BMY,2019/04/30,48.05,48.1,44.54,46.43,373749128
BMY,2019/03/29,51.67,54.38,46.52,47.71,422103494
BMY,2019/02/28,49.01,52.8,48.58,51.66,362153973
BMY,2019/01/31,51.34,52.84,44.3,49.37,451458126
BMY,2018/12/31,53.58,54.25,47.89,51.98,174420792
BMY,2018/11/30,50.68,54.81,49.86,53.46,180080864
BMY,2018/10/31,62.37,63.69,46.94,50.54,232863438
BMY,2018/09/28,60.5,62.62,59.52,62.08,94327859
BMY,2018/08/31,58.86,61.59,58.64,60.55,118941027
BMY,2018/07/31,55.17,60.99,54.48,58.75,121255760
BMY,2018/06/29,52.91,55.85,49.97,55.34,167496328
BMY,2018/05/31,51.98,53.45,49.96,52.62,164795756
BMY,2018/04/30,62.93,63.23,50.56,52.13,254501190
BMY,2018/03/29,66.1,68.22,61.73,63.25,122475939
BMY,2018/02/28,62.18,70.05,58.44,66.2,191083438
BMY,2018/01/31,61.4,64.96,59.42,62.6,143007075
BMY,2017/12/29,63.16,63.97,60.59,61.28,98414562
BMY,2017/11/30,61.86,63.8,60.15,63.19,91921174
BMY,2017/10/31,63.8,66.1,59.79,61.66,134847405
BMY,2017/09/29,60.36,63.75,59.39,63.74,121016734
BMY,2017/08/31,57.15,60.75,55.08,60.48,128067794
BMY,2017/07/31,56.27,57.2,52.06,56.9,137022519
BMY,2017/06/30,54.0,57.9,51.56,55.72,179563910
BMY,2017/05/31,56.34,56.83,53.32,53.95,166543984
BMY,2017/04/28,54.53,56.33,52.51,56.05,165265933
BMY,2017/03/31,57.0,58.54,54.16,54.38,237012599
BMY,2017/02/28,49.13,57.21,48.32,56.71,245791424
BMY,2017/01/31,58.78,60.45,46.01,49.16,341550666
BMY,2016/12/30,55.94,59.925,54.36,58.44,169935038
BMY,2016/11/30,50.93,57.55,50.1,56.44,239140167
BMY,2016/10/31,53.94,55.9,49.03,50.91,328156296
BMY,2016/09/30,57.6,57.62,53.76,53.92,256447435
BMY,2016/08/31,75.13,76.3,56.92,57.39,388139060
BMY,2016/07/29,73.66,77.12,72.87,74.81,96876725
BMY,2016/06/30,71.71,75.12,70.09,73.55,144598579
BMY,2016/05/31,72.19,73.01,69.56,71.7,118584231
BMY,2016/04/29,63.66,73.06,63.5,72.18,117778170
BMY,2016/03/31,62.31,66.6835,60.98,63.88,144870211
BMY,2016/02/29,61.87,64.54,57.94,61.93,143154656
BMY,2016/01/29,67.45,68.9,60.0,62.16,165183823
BMY,2015/12/31,67.54,70.87,66.14,68.79,112892557
BMY,2015/11/30,66.56,69.0,63.57,67.01,98689013
BMY,2015/10/30,59.26,68.48,58.39,65.95,164397566
BMY,2015/09/30,58.55,64.68,56.32,59.2,188877517
BMY,2015/08/31,65.95,66.13,51.82,59.47,134302304
BMY,2015/07/31,66.45,70.54,63.82,65.64,131544165
BMY,2015/06/30,66.63,68.14,64.26,66.54,163392699
BMY,2015/05/29,64.28,69.86,63.16,64.6,130790303
BMY,2015/04/30,64.2,67.53,62.66,63.73,132243363
BMY,2015/03/31,61.12,69.2,61.04,64.5,155950789
BMY,2015/02/27,60.71,61.605,58.65,60.92,98419342
BMY,2015/01/30,59.43,64.44,58.04,60.27,142564527
BMY,2014/12/31,59.21,61.77,57.601,59.03,130209999
BMY,2014/11/28,58.31,59.715,57.35,59.05,108147338
BMY,2014/10/31,51.01,59.03,47.545,58.19,192874702
BMY,2014/09/30,50.62,52.17,49.7,51.18,111025370
BMY,2014/08/29,50.79,50.97,48.51,50.65,101634200
BMY,2014/07/31,48.51,51.34,47.34,50.62,142106034
BMY,2014/06/30,49.9,50.0,46.3,48.51,220491600
BMY,2014/05/30,49.95,52.49,48.1,49.74,173660400
BMY,2014/04/30,52.23,52.39,47.42,50.09,176374000
BMY,2014/03/31,53.17,57.49,50.16,51.95,184514300
BMY,2014/02/28,50.13,54.96,47.52,53.77,160514200
BMY,2014/01/31,52.52,56.83,49.45,49.97,225895800
BMY,2013/12/31,51.29,54.49,50.11,53.15,131146400
BMY,2013/11/29,52.63,53.61,51.01,51.38,143904300
BMY,2013/10/31,46.45,53.68,46.14,52.52,170383300
BMY,2013/09/30,42.01,47.59,41.32,46.28,146349100
BMY,2013/08/30,43.7,44.39,41.11,41.69,135771600
BMY,2013/07/31,45.06,46.14,42.96,43.24,171955100
BMY,2013/06/28,47.1,49.57,44.32,44.69,227346800
BMY,2013/05/31,39.47,48.83,39.18,46.01,272646200
BMY,2013/04/30,41.12,42.87,39.18,39.72,194729400
BMY,2013/03/28,36.89,41.25,36.43,41.19,217649000
BMY,2013/02/28,36.42,37.22,36.03,36.97,155801200
BMY,2013/01/31,32.84,36.71,32.5,36.14,219032600
BMY,2012/12/31,32.71,33.55,31.85,32.59,169576100
BMY,2012/11/30,33.47,33.86,30.64,32.63,191025200
BMY,2012/10/31,33.79,34.55,32.7,33.25,204148321
BMY,2012/09/28,33.04,34.24,32.82,33.75,200223500
BMY,2012/08/31,35.73,36.0,31.37,33.01,293635100
BMY,2012/07/31,35.74,36.34,34.37,35.6,191106800
BMY,2012/06/29,32.87,35.95,32.83,35.95,246773600
BMY,2012/05/31,33.55,33.76,32.36,33.34,187454600
BMY,2012/04/30,33.65,35.0,32.28,33.37,193241213
BMY,2012/03/30,32.05,33.92,32.05,33.75,205026832
BMY,2012/02/29,32.53,33.26,31.31,32.17,182904500
BMY,2012/01/31,35.33,35.44,31.89,32.24,263076100
BMY,2011/12/30,32.28,35.44,32.27,35.24,218546000
BMY,2011/11/30,31.07,32.73,30.1,32.72,210981300
BMY,2011/10/31,31.3,33.27,30.95,31.59,323564900
BMY,2011/09/30,29.75,31.908,28.37,31.38,316515300
BMY,2011/08/31,28.97,29.92,25.69,29.75,366484700
BMY,2011/07/29,28.95,29.73,28.5,28.66,199227800
BMY,2011/06/30,28.71,29.54,27.18,28.96,270196700
BMY,2011/05/31,28.24,28.99,28.0,28.76,196134000
BMY,2011/04/29,26.51,28.5,26.4,28.1,222607700
BMY,2011/03/31,25.66,27.96,24.97,26.43,402247000
BMY,2011/02/28,25.35,26.05,25.1,25.81,175762400
BMY,2011/01/31,26.65,26.72,25.16,25.18,215652600
BMY,2010/12/31,25.67,26.88,25.42,26.48,186444500
BMY,2010/11/30,27.015,27.32,25.1,25.24,195934000
BMY,2010/10/29,27.11,27.72,26.62,26.84,184598200
BMY,2010/09/30,26.24,28.0,26.11,27.11,274526600
BMY,2010/08/31,25.33,26.79,25.29,26.08,221200600
BMY,2010/07/30,24.84,25.95,24.22,24.92,268389600
BMY,2010/06/30,23.11,25.95,22.31,24.94,419262700
BMY,2010/05/28,25.31,25.7,22.24,23.21,301022400
BMY,2010/04/30,26.77,27.01,24.07,25.31,302680300
BMY,2010/03/31,24.59,27.07,24.25,26.7,304160200
BMY,2010/02/26,24.77,25.01,23.49,24.51,203265500
BMY,2010/01/29,25.41,26.0,23.5,24.36,291577400
BMY,2009/12/31,25.39,26.62,24.55,25.25,948176700
BMY,2009/11/30,21.87,25.62,21.67,25.31,342945611
BMY,2009/10/30,22.51,23.28,21.76,21.8,215579900
BMY,2009/09/30,22.03,23.07,21.54,22.52,205279700
BMY,2009/08/31,22.07,23.28,21.49,22.13,227840500
BMY,2009/07/31,20.14,21.97,19.19,21.74,301175800
BMY,2009/06/30,20.1,21.12,19.12,20.31,299565500
BMY,2009/05/29,19.46,20.91,19.05,19.92,235316200
BMY,2009/04/30,21.48,22.32,18.83,19.2,316394800
BMY,2009/03/31,18.08,22.18,17.23,21.92,407161900
BMY,2009/02/27,21.5,23.78,18.38,18.41,305504300
BMY,2009/01/30,23.25,23.98,21.25,21.41,341233700
BMY,2008/12/31,20.43,23.82,19.29,23.25,426235200
BMY,2008/11/28,20.7,21.77,18.06,20.7,334296900
BMY,2008/10/31,20.61,21.25,16.0,20.55,490110000
BMY,2008/09/30,21.37,22.63,19.7,20.85,307847000
BMY,2008/08/29,21.16,22.58,21.01,21.34,211841200
BMY,2008/07/31,20.34,22.93,20.29,21.12,338243200
BMY,2008/06/30,22.75,22.75,19.43,20.53,298809900
BMY,2008/05/30,21.98,23.6,21.45,22.79,281277500
BMY,2008/04/30,21.63,22.55,21.15,21.97,266229400
BMY,2008/03/31,22.48,22.65,20.05,21.3,289778900
BMY,2008/02/29,23.4,24.19,21.98,22.61,260030300
BMY,2008/01/31,26.31,27.37,21.75,23.02,474780800
BMY,2007/12/31,29.43,29.64,26.5184,26.52,220999200
BMY,2007/11/30,29.9,30.23,27.34,29.63,270704700
BMY,2007/10/31,29.01,30.35,27.9,29.99,256617700
BMY,2007/09/28,28.7,29.33,27.42,28.82,188718900
BMY,2007/08/31,28.01,29.99,26.38,29.15,281100800
BMY,2007/07/31,31.81,32.35,28.16,28.41,235700900
BMY,2007/06/29,30.24,32.25,28.59,31.56,277117400
BMY,2007/05/31,29.17,30.5,28.6,30.31,208550100
BMY,2007/04/30,27.78,30.31,27.0,28.86,192595400
BMY,2007/03/30,26.25,28.1,26.0,27.76,200263300
BMY,2007/02/28,28.9,29.33,25.89,26.38,169248000
BMY,2007/01/31,26.43,29.39,25.73,28.79,213827900
BMY,2006/12/29,24.87,26.41,24.6,26.32,127193100
BMY,2006/11/30,24.89,25.16,23.95,24.83,140847000
BMY,2006/10/31,25.03,25.03,23.93,24.75,156690000
BMY,2006/09/29,22.88,25.24,22.25,24.92,240339200
BMY,2006/08/31,23.98,23.98,20.08,21.75,393361200
BMY,2006/07/31,25.86,26.14,23.72,23.97,160441200
BMY,2006/06/30,24.55,25.97,24.48,25.86,151832000
BMY,2006/05/31,25.53,25.55,23.21,24.55,124455500
BMY,2006/04/28,24.75,25.55,23.9,25.38,128718500
BMY,2006/03/31,23.0,25.95,22.53,24.61,207932300
BMY,2006/02/28,22.79,23.44,22.18,23.1,158227700
BMY,2006/01/31,23.25,23.27,21.21,22.79,230246000
BMY,2005/12/30,21.74,23.77,21.13,22.98,173449900
BMY,2005/11/30,21.17,22.46,20.9,21.59,161765300
BMY,2005/10/31,23.97,24.2,20.7,21.17,178005000
BMY,2005/09/30,24.47,25.49,23.9,24.06,121872300
BMY,2005/08/31,25.13,25.23,23.8,24.47,103134400
BMY,2005/07/29,25.28,25.47,24.48,24.98,85218100
BMY,2005/06/30,25.36,25.8,24.71,24.98,100064700
BMY,2005/05/31,26.18,26.6,25.03,25.36,91731700
BMY,2005/04/29,25.5,26.56,24.82,26.0,122863000
BMY,2005/03/31,25.84,26.0,23.96,25.46,125589500
BMY,2005/02/28,23.5,25.19,23.32,25.03,97775800
BMY,2005/01/31,25.57,25.67,23.25,23.44,122292400
BMY,2004/12/31,23.51,25.88,23.44,25.62,139029800
BMY,2004/11/30,23.73,24.44,22.75,23.5,119066100
BMY,2004/10/29,23.82,24.53,22.79,23.43,115681400
BMY,2004/09/30,23.74,24.72,23.39,23.67,97075500
BMY,2004/08/31,23.09,24.26,22.41,23.73,97113400
BMY,2004/07/30,24.46,24.51,22.22,22.9,119762500
BMY,2004/06/30,25.24,26.1,24.41,24.5,100106800
BMY,2004/05/28,25.4,26.42,24.73,25.27,105220600
BMY,2004/04/30,24.17,25.68,23.9,25.1,154530400
BMY,2004/03/31,27.82,28.37,23.72,24.23,178437700
BMY,2004/02/27,28.05,31.3,27.29,27.82,146410900
BMY,2004/01/30,28.9,30.74,27.9,28.05,173080900
BMY,2003/12/31,26.5,28.86,25.75,28.6,116201500
BMY,2003/11/28,25.44,26.95,24.12,26.35,108852600
BMY,2003/10/31,25.41,26.5,24.22,25.37,139879400
BMY,2003/09/30,25.5,27.95,25.1,25.66,116795500
BMY,2003/08/29,26.3,26.67,24.4,25.37,104505100
BMY,2003/07/31,27.1,27.67,25.28,26.2,116246400
BMY,2003/06/30,27.15,29.21,25.5,27.15,137284200
BMY,2003/05/30,25.53,26.68,23.0,25.6,139150800
BMY,2003/04/30,21.32,25.77,21.3,25.54,131846300
BMY,2003/03/31,23.8,23.94,21.0,21.13,140518800
BMY,2003/02/28,23.79,24.18,21.55,23.3,105986800
BMY,2003/01/31,23.16,26.01,22.9,23.59,140301600
BMY,2002/12/31,26.8,28.25,22.82,23.15,185642900
BMY,2002/11/29,24.7,27.37,23.59,26.5,140889100
BMY,2002/10/31,24.1,25.19,20.74,24.61,160463400
BMY,2002/09/30,24.95,26.48,23.45,23.8,116023500
BMY,2002/08/30,23.4,26.5,21.7,24.95,153022200
BMY,2002/07/31,25.9,26.09,19.49,23.43,250599900
BMY,2002/06/28,30.5,30.5,24.51,25.7,179061300
BMY,2002/05/31,28.65,31.7,28.0,31.12,173397900
BMY,2002/04/30,40.49,40.49,28.5,28.8,336614600
BMY,2002/03/28,47.0,51.2,39.15,40.49,213142400
BMY,2002/02/28,45.23,47.75,42.0,47.0,116549800
BMY,2002/01/31,50.47,51.95,40.0,45.37,166472400
BMY,2001/12/31,54.17,56.0,48.5,51.0,152455000
BMY,2001/11/30,54.0,57.0,52.4,53.76,111611700
BMY,2001/10/31,56.0,59.95,53.03,53.45,118141200
BMY,2001/09/28,56.5,60.0,50.25,55.56,106429600
BMY,2001/08/31,59.2,59.9,55.0,56.14,85503400
BMY,2001/07/31,52.85,59.9,51.6,59.14,103617100
BMY,2001/06/29,55.2,58.12,51.6,52.3,106724200
BMY,2001/05/31,56.45,57.52,51.93,54.24,136377400
BMY,2001/04/30,58.75,59.85,54.5,56.0,104371100
BMY,2001/03/30,63.4,64.5,50.8,59.4,117413400
BMY,2001/02/28,61.5,65.9,60.6,63.41,82243200
BMY,2001/01/31,73.0,73.5,60.1,61.89,143469200
BMY,2000/12/29,69.31,74.88,65.25,73.94,95546000
BMY,2000/11/30,61.88,73.25,60.0,69.31,107630600
BMY,2000/10/31,57.25,64.88,55.25,60.94,102457100
BMY,2000/09/29,53.88,59.44,49.94,57.5,110679900
BMY,2000/08/31,49.75,56.44,49.75,53.02,110010300
BMY,2000/07/31,58.25,59.44,47.75,51.63,118321500
BMY,2000/06/30,54.75,58.35,50.38,58.25,117443100
BMY,2000/05/31,52.44,58.5,50.75,56.13,103665000
BMY,2000/04/28,59.63,67.63,46.0,52.44,222314500
BMY,2000/03/31,56.69,60.25,42.44,57.13,221494100
BMY,2000/02/29,64.25,65.56,55.38,57.25,88705900
BMY,2000/01/31,64.25,69.5,58.0,66.25,122594400
BMY,1999/12/31,72.63,74.56,59.94,64.19,91559200
CTLT,2023/10/16,45.2,47.795,42.2,46.52,20089454
CTLT,2023/09/29,50.52,51.79,44.65,45.53,37023200
CTLT,2023/08/31,48.0,50.56,42.395,49.97,50071292
CTLT,2023/07/31,43.56,49.26,43.13,48.52,52316874
CTLT,2023/06/30,37.2,44.95,36.15,43.36,99219032
CTLT,2023/05/31,50.05,50.61,31.45,37.23,134594456
CTLT,2023/04/28,64.65,67.535,41.33,50.12,95906240
CTLT,2023/03/31,67.65,74.49,61.04,65.71,39368149
CTLT,2023/02/28,54.03,72.72,52.14,68.22,55555645
CTLT,2023/01/31,46.0,54.35,44.495,53.55,51123831
CTLT,2022/12/30,50.44,53.0558,41.52,45.01,58276167
CTLT,2022/11/30,49.27,53.79,40.69,50.13,93625786
CTLT,2022/10/31,73.1,81.72,64.44,65.73,41485001
CTLT,2022/09/30,87.15,97.54,72.32,72.36,32224865
CTLT,2022/08/31,112.55,115.0799,87.17,88.0,26657918
CTLT,2022/07/29,107.28,115.335,99.0,113.1,20174961
CTLT,2022/06/30,102.89,114.1,100.25,107.29,24537884
CTLT,2022/05/31,89.46,105.41,87.71,103.06,26327132
CTLT,2022/04/29,111.59,114.89,86.34,90.56,27709371
CTLT,2022/03/31,102.1,113.53,93.3,110.9,26294186
CTLT,2022/02/28,107.92,113.69,91.17,102.04,23154697
CTLT,2022/01/31,128.03,128.26,95.43,103.93,26345226
CTLT,2021/12/31,129.05,131.42,113.82,128.03,22285358
CTLT,2021/11/30,138.2,140.555,119.01,128.66,23465592
CTLT,2021/10/29,132.68,138.2,126.04,137.86,14240571
CTLT,2021/09/30,130.37,142.64,129.6,133.07,23422891
CTLT,2021/08/31,120.28,132.685,117.22,130.44,17278556
CTLT,2021/07/30,108.17,121.11,108.12,119.81,13504686
CTLT,2021/06/30,104.97,111.19,99.03,108.12,19408820
CTLT,2021/05/28,113.0,113.6,98.73,104.83,23408923
CTLT,2021/04/30,105.94,115.97,104.62,112.47,16551686
CTLT,2021/03/31,114.78,117.8,97.86,105.31,29274556
CTLT,2021/02/26,116.91,127.68,109.34,113.71,19006292
CTLT,2021/01/29,104.84,120.18,103.0,115.05,19155322
CTLT,2020/12/31,96.35,106.55,91.87,104.07,27240687
CTLT,2020/11/30,88.78,120.48,87.16,96.14,27999563
CTLT,2020/10/30,86.46,96.38,82.88,87.77,17442448
CTLT,2020/09/30,94.38,95.7,79.65,85.66,57513432
CTLT,2020/08/31,88.37,93.0899,84.69,92.5,15899300
CTLT,2020/07/31,73.52,90.99,72.53,87.34,23429429
CTLT,2020/06/30,77.34,79.19,67.97,73.3,38521664
CTLT,2020/05/29,67.95,80.52,65.0,77.73,36019289
CTLT,2020/04/30,49.69,69.56,47.01,69.15,22436964
CTLT,2020/03/31,51.84,55.54,31.04,51.95,31887321
CTLT,2020/02/28,67.24,68.78,49.82,51.53,28374262
CTLT,2020/01/31,56.54,63.36,55.35,61.1,14710514
CTLT,2019/12/31,52.11,57.02,50.41,56.3,15353664
CTLT,2019/11/29,48.96,53.25,47.72,51.99,13756811
CTLT,2019/10/31,47.68,50.8,46.43,48.65,13031186
CTLT,2019/09/30,52.43,53.26,47.266,47.66,15388616
CTLT,2019/08/30,56.54,57.95,51.12,52.74,18301001
CTLT,2019/07/31,54.87,58.38,52.98,56.49,14285035
CTLT,2019/06/28,45.38,54.91,44.93,54.21,17582341
CTLT,2019/05/31,44.88,47.04,42.85,45.5,16842729
CTLT,2019/04/30,40.97,45.43,39.09,44.82,19159194
CTLT,2019/03/29,43.62,44.14,39.8,40.59,14116210
CTLT,2019/02/28,36.89,43.87,36.75,43.22,16885932
CTLT,2019/01/31,30.86,37.234,29.29,36.93,22930832
CTLT,2018/12/31,40.0,40.57,29.23,31.18,20912665
CTLT,2018/11/30,40.48,42.31,34.245,39.65,24934287
CTLT,2018/10/31,45.88,46.43,37.45,40.34,15670726
CTLT,2018/09/28,41.6,45.91,40.31,45.55,15273396
CTLT,2018/08/31,41.59,45.72,39.56,41.8,19189568
CTLT,2018/07/31,41.69,44.26,39.541,41.7,24447578
CTLT,2018/06/29,39.69,42.62,38.91,41.89,31791373
CTLT,2018/05/31,40.7,41.74,38.22,39.26,18253840
CTLT,2018/04/30,41.0,42.61,38.57,41.11,13853710
CTLT,2018/03/29,41.67,43.96,38.968,41.06,17638825
CTLT,2018/02/28,46.25,47.56,39.32,41.75,22699123
CTLT,2018/01/31,41.37,47.87,40.791,46.54,15819178
CTLT,2017/12/29,39.64,42.22,37.77,41.08,16616693
CTLT,2017/11/30,42.98,43.03,36.73,39.79,19171235
CTLT,2017/10/31,40.0,43.39,39.81,42.59,18920949
CTLT,2017/09/29,41.35,42.22,38.55,39.92,28014298
CTLT,2017/08/31,35.0,41.4,33.42,41.29,26510077
CTLT,2017/07/31,35.12,36.53,34.63,34.7,17330700
CTLT,2017/06/30,35.54,38.73,34.74,35.1,27643233
CTLT,2017/05/31,29.38,36.2,28.76,35.53,22145098
CTLT,2017/04/28,28.41,29.78,27.48,29.28,8819802
CTLT,2017/03/31,28.97,29.67,27.7,28.32,13237468
CTLT,2017/02/28,26.77,30.22,26.71,28.7,14143500
CTLT,2017/01/31,27.09,27.79,25.51,26.76,14956012
CTLT,2016/12/30,23.72,27.4264,22.94,26.96,16733657
CTLT,2016/11/30,22.84,26.03,21.83,23.93,16259185
CTLT,2016/10/31,25.59,26.3,22.81,22.81,16368540
CTLT,2016/09/30,25.15,26.95,23.28,25.84,45492408
CTLT,2016/08/31,25.62,26.04,23.52,25.23,17133845
CTLT,2016/07/29,22.89,25.8,22.52,25.54,15411249
CTLT,2016/06/30,28.14,28.62,20.94,22.99,46811880
CTLT,2016/05/31,29.52,29.71,23.6,28.12,25803187
CTLT,2016/04/29,26.52,32.24,26.14,29.53,25804304
CTLT,2016/03/31,24.51,27.6,24.22,26.67,10391767
CTLT,2016/02/29,23.42,25.09,18.92,24.27,12741165
CTLT,2016/01/29,24.55,25.28,22.17,23.53,11301872
CTLT,2015/12/31,28.05,28.54,24.28,25.03,13247496
CTLT,2015/11/30,26.64,28.75,26.33,27.85,8338141
CTLT,2015/10/30,24.32,27.49,23.63,26.58,10914389
CTLT,2015/09/30,31.24,31.55,24.05,24.3,18081351
CTLT,2015/08/31,34.08,34.415,28.913,31.79,16108639
CTLT,2015/07/31,29.63,34.14,28.41,34.08,31211654
CTLT,2015/06/30,31.56,31.92,28.4316,29.33,29896516
CTLT,2015/05/29,28.93,32.11,26.17,31.96,7750723
CTLT,2015/04/30,31.02,31.65,28.55,28.77,5857525
CTLT,2015/03/31,27.5,31.66,26.74,31.15,23934482
CTLT,2015/02/27,27.62,30.32,27.06,27.97,6302018
CTLT,2015/01/30,28.04,28.84,26.32,27.62,7997535
CTLT,2014/12/31,28.79,30.184,26.62,27.88,9264325
CTLT,2014/11/28,26.0,29.09,22.85,28.79,8083755
CTLT,2014/10/31,24.93,26.34,23.21,26.03,10459635
CTLT,2014/09/30,21.35,25.3975,21.21,25.03,23737163
CTLT,2014/08/29,20.0,21.74,19.34,21.5,14331600
LLY,2023/10/16,536.01,629.97,516.57,616.64,40489884
LLY,2023/09/29,556.32,601.84,532.2,537.13,58019308
LLY,2023/08/31,455.35,557.75,446.89,554.2,71152574
LLY,2023/07/31,466.26,467.6,434.34,454.55,46835927
LLY,2023/06/30,430.27,469.87,428.13,468.98,56778357
LLY,2023/05/31,397.26,454.95,392.255,429.46,75112510
LLY,2023/04/28,343.24,404.3131,342.3,395.86,56071795
LLY,2023/03/31,310.0,343.65,309.2,343.42,80115766
LLY,2023/02/28,342.79,353.815,309.64,311.22,66674226
LLY,2023/01/31,366.26,369.0,339.38,344.15,50722892
LLY,2022/12/30,374.79,375.25,354.6101,365.84,53002346
LLY,2022/11/30,345.83,372.35,340.12,371.08,69750948
LLY,2022/10/31,325.99,363.9199,317.05,362.09,55842424
LLY,2022/09/30,301.0,341.7,296.32,323.35,68936990
LLY,2022/08/31,327.51,330.43,296.53,301.23,62135816
LLY,2022/07/29,323.88,335.33,315.51,329.69,42681800
LLY,2022/06/30,313.44,330.85,283.11,324.23,68053614
LLY,2022/05/31,291.23,324.08,283.0,313.44,65874585
LLY,2022/04/29,286.15,314.0,276.83,292.13,58019395
LLY,2022/03/31,247.56,295.33,245.44,286.37,70442271
LLY,2022/02/28,247.05,252.9,231.87,249.95,51888486
LLY,2022/01/31,274.41,274.41,232.68,245.39,59753612
LLY,2021/12/31,249.44,283.905,239.47,276.22,74511225
LLY,2021/11/30,255.11,271.11,246.48,248.04,60736110
LLY,2021/10/29,231.0,256.75,224.22,254.76,53323088
LLY,2021/09/30,258.54,260.99,220.2,231.05,61195782
LLY,2021/08/31,245.73,275.87,243.5,258.29,54225049
LLY,2021/07/30,229.51,248.4,228.66,243.5,50261821
LLY,2021/06/30,200.32,239.37,196.68,229.52,95262441
LLY,2021/05/28,182.99,203.615,182.92,199.74,60884540
LLY,2021/04/30,186.82,193.5,178.5779,182.77,63359486
LLY,2021/03/31,205.78,212.16,179.82,186.82,96146254
LLY,2021/02/26,209.46,209.89,195.64,204.89,62542908
LLY,2021/01/29,169.02,218.0,161.78,207.97,114113902
LLY,2020/12/31,146.69,173.895,143.13,168.84,81332259
LLY,2020/11/30,132.54,151.98,129.99,145.65,90544145
LLY,2020/10/30,148.33,157.15,129.21,130.46,87153834
LLY,2020/09/30,148.61,154.5,145.06,148.02,80103225
LLY,2020/08/31,152.8,157.49,146.98,148.39,52180949
LLY,2020/07/31,164.32,170.75,148.74,150.29,61892732
LLY,2020/06/30,154.47,167.43,139.68,164.18,97966237
LLY,2020/05/29,153.72,162.37,143.62,152.95,65382744
LLY,2020/04/30,134.0,164.9,132.98,154.64,79529821
LLY,2020/03/31,127.74,144.0,117.06,138.72,149904037
LLY,2020/02/28,140.53,147.87,121.51,126.13,73118696
LLY,2020/01/31,131.77,143.72,130.23,139.64,76612365
LLY,2019/12/31,117.52,137.0,115.92,131.43,71189503
LLY,2019/11/29,114.07,118.46,110.51,117.35,60562165
LLY,2019/10/31,111.94,114.67,101.36,113.95,74256464
LLY,2019/09/30,112.54,117.23,106.4,111.83,71433734
LLY,2019/08/30,109.02,116.14,107.44,112.97,75888210
LLY,2019/07/31,111.31,115.47,105.15,108.95,85980388
LLY,2019/06/28,116.53,118.94,110.02,110.79,85962167
LLY,2019/05/31,117.05,119.53,113.87,115.94,92251813
LLY,2019/04/30,130.71,131.35,113.65,117.04,117713399
LLY,2019/03/29,127.25,132.13,121.96,129.76,659368487
LLY,2019/02/28,120.32,127.77,116.86,126.29,284952333
LLY,2019/01/31,114.79,120.14,111.1,119.86,101289476
LLY,2018/12/31,118.64,119.84,105.67,115.72,100231974
LLY,2018/11/30,108.74,118.71,104.95,118.64,100551609
LLY,2018/10/31,107.67,116.61,104.17,108.44,112531242
LLY,2018/09/28,105.31,107.84,103.66,107.31,68632506
LLY,2018/08/31,98.74,106.49,97.84,105.65,78294755
LLY,2018/07/31,85.06,99.2,84.71,98.81,78820240
LLY,2018/06/29,85.2,87.27,84.36,85.33,73329271
LLY,2018/05/31,80.68,85.11,77.09,85.04,86813099
LLY,2018/04/30,76.88,83.56,75.4,81.07,86521052
LLY,2018/03/29,77.06,80.49,74.51,77.37,85125857
LLY,2018/02/28,81.54,83.03,73.69,77.02,116818024
LLY,2018/01/31,84.46,88.33,81.27,81.45,93506744
LLY,2017/12/29,84.98,89.09,84.18,84.46,67009777
LLY,2017/11/30,82.17,85.48,81.42,84.64,53591967
LLY,2017/10/31,85.78,89.09,81.72,81.94,79278440
LLY,2017/09/29,81.54,85.61,79.05,85.54,69177335
LLY,2017/08/31,82.86,83.15,76.89,81.29,74170965
LLY,2017/07/31,82.41,85.53,80.77,82.66,71760808
LLY,2017/06/30,79.6,84.76,78.75,82.3,79239780
LLY,2017/05/31,82.09,83.1119,76.85,79.57,84990423
LLY,2017/04/28,84.13,86.72,79.88,82.06,71088160
LLY,2017/03/31,83.44,86.14,81.37,84.11,82515007
LLY,2017/02/28,77.9,83.48,76.55,82.81,67247245
LLY,2017/01/31,73.94,78.12,73.54,77.03,97535917
LLY,2016/12/30,66.165,74.49,65.66,73.55,132236366
LLY,2016/11/30,73.81,79.7,64.18,67.12,165744166
LLY,2016/10/31,80.0,83.24,73.8,73.84,81947425
LLY,2016/09/30,77.75,81.46,76.45,80.26,76070947
LLY,2016/08/31,83.02,83.785,77.53,77.75,69797810
LLY,2016/07/29,78.89,83.59,78.37,82.89,74232402
LLY,2016/06/30,74.9,78.81,71.87,78.75,103821081
LLY,2016/05/31,75.95,78.71,73.34,75.03,86472050
LLY,2016/04/29,71.6,78.5,71.53,75.53,76179471
LLY,2016/03/31,72.63,74.95,67.88,72.01,117671029
LLY,2016/02/29,78.21,79.16,70.43,72.0,104140173
LLY,2016/01/29,83.4,85.4,76.54,79.1,116114988
LLY,2015/12/31,84.21,88.16,82.56,84.26,86148256
LLY,2015/11/30,81.14,85.5,78.44,82.04,75107018
LLY,2015/10/30,83.6,88.48,75.16,81.57,157125706
LLY,2015/09/30,80.6,92.85,78.5,83.69,116433899
LLY,2015/08/31,84.81,88.95,77.77,82.35,95854850
LLY,2015/07/31,83.8,90.18,81.5,84.51,116814379
LLY,2015/06/30,78.92,87.24,76.99,83.49,153270022
LLY,2015/05/29,72.26,79.55,71.25,78.9,78679536
LLY,2015/04/30,72.92,74.02,70.2,71.87,87914564
LLY,2015/03/31,70.16,77.46,68.31,72.65,102619470
LLY,2015/02/27,71.87,72.0,69.38,70.17,76781383
LLY,2015/01/30,69.77,73.47,68.45,72.0,98784711
LLY,2014/12/31,67.97,75.1,67.6,68.99,113018812
LLY,2014/11/28,66.05,68.67,66.03,68.12,69379964
LLY,2014/10/31,65.88,67.43,60.58,66.33,107902088
LLY,2014/09/30,63.6,67.14,63.48,64.85,86216587
LLY,2014/08/29,60.77,63.59,60.14,63.56,55261150
LLY,2014/07/31,62.63,65.7,60.94,61.06,80409400
LLY,2014/06/30,59.75,63.38,58.5,62.17,82058600
LLY,2014/05/30,59.18,60.49,57.81,59.86,103920800
LLY,2014/04/30,59.13,61.15,57.35,59.1,111844100
LLY,2014/03/31,58.95,60.1,56.81,58.86,96419000
LLY,2014/02/28,54.11,60.12,52.29,59.61,114640900
LLY,2014/01/31,50.97,55.785,50.52,54.01,135541200
LLY,2013/12/31,50.3,51.38,48.88,51.0,86488300
LLY,2013/11/29,49.91,51.62,49.27,50.22,149415500
LLY,2013/10/31,50.41,51.14,47.53,49.82,154532000
LLY,2013/09/30,51.77,54.25,50.07,50.33,86081900
LLY,2013/08/30,53.43,56.5,51.0,51.4,129821100
LLY,2013/07/31,49.35,53.98,49.27,53.11,100632200
LLY,2013/06/28,53.08,53.42,48.68,49.12,106260900
LLY,2013/05/31,55.1,57.1,53.1525,53.16,134228600
LLY,2013/04/30,56.67,58.405,55.02,55.38,95883200
LLY,2013/03/28,54.31,56.94,54.31,56.79,91334800
LLY,2013/02/28,53.55,54.99,53.18,54.66,131206400
LLY,2013/01/31,49.94,54.87,49.19,53.69,148193700
LLY,2012/12/31,49.21,50.7601,47.61,49.32,136541100
LLY,2012/11/30,48.89,49.69,44.88,49.04,163059700
LLY,2012/10/31,47.49,53.99,47.46,48.63,220200100
LLY,2012/09/28,44.97,47.84,44.71,47.41,116540900
LLY,2012/08/31,44.12,45.45,42.1,44.91,192169600
LLY,2012/07/31,43.06,44.67,41.59,44.03,135507800
LLY,2012/06/29,40.67,42.91,39.93,42.91,112670100
LLY,2012/05/31,41.32,41.82,40.34,40.95,131024800
LLY,2012/04/30,40.3,41.52,39.16,41.39,148507500
LLY,2012/03/30,39.17,40.45,38.56,40.265,108779000
LLY,2012/02/29,39.82,40.11,38.3,39.24,147097500
LLY,2012/01/31,41.95,42.03,38.93,39.74,174411200
LLY,2011/12/30,37.71,41.92,37.3,41.56,168685000
LLY,2011/11/30,36.78,39.04,35.46,37.85,185012100
LLY,2011/10/31,37.02,38.98,35.69,37.16,162008400
LLY,2011/09/30,37.57,38.36,35.435,36.97,175055500
LLY,2011/08/31,38.91,38.91,33.75,37.51,258036100
LLY,2011/07/29,37.48,39.78,37.155,38.3,181625600
LLY,2011/06/30,38.3,38.48,36.6,37.53,144853800
LLY,2011/05/31,37.21,39.4,37.19,38.48,187468000
LLY,2011/04/29,35.21,37.46,34.88,37.01,139523000
LLY,2011/03/31,34.5,35.42,33.46,35.17,146245700
LLY,2011/02/28,34.83,35.92,33.96,34.56,165925300
LLY,2011/01/31,35.17,35.61,34.47,34.77,166851100
LLY,2010/12/31,33.97,35.4,33.81,35.04,122132393
LLY,2010/11/30,35.26,35.93,33.52,33.66,154540100
LLY,2010/10/29,36.68,38.08,34.68,35.2,141542000
LLY,2010/09/30,34.11,36.9,33.83,36.53,109124800
LLY,2010/08/31,35.84,37.92,33.535,33.59,192044200
LLY,2010/07/30,33.43,36.2,32.82,35.6,177261200
LLY,2010/06/30,32.63,34.98,32.27,33.5,165562700
LLY,2010/05/28,35.27,35.8,32.02,32.79,180413400
LLY,2010/04/30,36.45,36.97,34.57,34.97,159175800
LLY,2010/03/31,34.5,36.82,34.23,36.22,149482900
LLY,2010/02/26,35.36,35.75,33.63,34.34,128908300
LLY,2010/01/29,35.77,37.92,34.84,35.2,144879100
LLY,2009/12/31,36.82,38.0,34.47,35.71,147268000
LLY,2009/11/30,34.19,37.54,33.382,36.73,122421300
LLY,2009/10/30,32.97,35.63,32.27,34.01,163992500
LLY,2009/09/30,33.3,33.55,32.3,33.03,139952200
LLY,2009/08/31,35.33,35.63,32.23,33.46,120757700
LLY,2009/07/31,34.76,35.65,32.19,34.89,149028300
LLY,2009/06/30,34.89,35.47,32.78,34.64,147741000
LLY,2009/05/29,32.92,36.65,32.62,34.57,114622800
LLY,2009/04/30,33.03,34.43,30.91,32.92,128607600
LLY,2009/03/31,28.4,34.31,27.21,33.41,174185100
LLY,2009/02/27,36.53,39.25,29.38,29.38,126192000
LLY,2009/01/30,40.38,40.78,36.2664,36.82,128907300
LLY,2008/12/31,33.32,40.5,30.63,40.27,125549500
LLY,2008/11/28,34.44,35.64,28.62,34.15,128060200
LLY,2008/10/31,43.58,44.44,29.25,33.82,220081700
LLY,2008/09/30,47.21,47.88,42.88,44.03,146911300
LLY,2008/08/29,47.11,49.78,46.46,46.65,101686000
LLY,2008/07/31,45.67,49.46,45.52,47.11,131911100
LLY,2008/06/30,48.28,49.82,45.36,46.16,129691100
LLY,2008/05/30,48.17,49.9,47.5,48.14,92593400
LLY,2008/04/30,51.72,53.4,47.86,48.14,132076300
LLY,2008/03/31,50.12,51.78,46.6,51.59,124827300
LLY,2008/02/29,51.36,52.51,49.5,50.02,114072200
LLY,2008/01/31,53.47,57.52,50.05,51.39,175129600
LLY,2007/12/31,52.65,55.34,51.75,53.39,102877700
LLY,2007/11/30,53.66,53.99,49.09,52.95,149352400
LLY,2007/10/31,57.09,59.82,51.8,54.15,145811100
LLY,2007/09/28,57.33,58.22,55.48,56.93,88800000
LLY,2007/08/31,53.6,59.02,53.53,57.35,132823800
LLY,2007/07/31,56.24,58.94,53.97,54.09,109097300
LLY,2007/06/29,58.73,59.23,55.3,55.88,109449600
LLY,2007/05/31,59.1,60.0,57.9,58.62,104668200
LLY,2007/04/30,53.96,61.0,53.9,59.13,115346600
LLY,2007/03/30,52.0,54.28,51.21,53.71,108905100
LLY,2007/02/28,54.65,55.2,52.3,52.59,82724700
LLY,2007/01/31,52.35,54.37,51.57,54.12,101564600
LLY,2006/12/29,53.45,54.92,51.13,52.1,116720100
LLY,2006/11/30,55.95,57.48,53.36,53.59,110204100
LLY,2006/10/31,56.81,58.48,55.94,56.01,83074500
LLY,2006/09/29,56.0,57.35,53.97,57.0,96546200
LLY,2006/08/31,56.4,57.49,53.83,55.93,70487200
LLY,2006/07/31,55.42,57.18,54.0,56.77,68384400
LLY,2006/06/30,51.62,55.66,50.83,55.27,79756100
LLY,2006/05/31,52.51,53.32,50.19,51.64,91161000
LLY,2006/04/28,55.31,55.9,50.92,52.92,77711500
LLY,2006/03/31,55.37,59.24,54.85,55.3,85007500
LLY,2006/02/28,56.34,57.13,54.6,55.62,61196600
LLY,2006/01/31,57.19,59.0,56.0,56.62,78854100
LLY,2005/12/30,50.8,58.25,50.75,56.59,97532300
LLY,2005/11/30,49.89,52.2,49.47,50.5,74092700
LLY,2005/10/31,53.4,54.4,49.7,49.79,111786200
LLY,2005/09/30,54.74,57.09,52.62,53.52,74156300
LLY,2005/08/31,56.33,57.0,51.98,55.02,98782100
LLY,2005/07/29,55.72,57.4,54.35,56.32,69734000
LLY,2005/06/30,58.3,58.98,55.52,55.71,62417600
LLY,2005/05/31,58.7,60.98,57.93,58.3,74163100
LLY,2005/04/29,52.3,59.89,51.08,58.47,155713400
LLY,2005/03/31,56.2,57.42,51.32,52.1,81918400
LLY,2005/02/28,54.25,56.69,53.85,56.0,52330200
LLY,2005/01/31,56.77,57.83,52.86,54.24,73819600
LLY,2004/12/31,53.85,58.01,53.36,56.75,88509700
LLY,2004/11/30,54.91,58.79,53.31,53.33,83283200
LLY,2004/10/29,60.25,62.38,50.34,54.91,113957200
LLY,2004/09/30,63.5,67.3,59.72,60.05,60415700
LLY,2004/08/31,63.72,64.96,59.78,63.45,60777200
LLY,2004/07/30,69.91,70.3,61.64,63.72,76614900
LLY,2004/06/30,73.85,75.83,69.47,69.91,59253300
LLY,2004/05/28,73.82,76.95,70.31,73.67,62412600
LLY,2004/04/30,67.4,74.88,67.01,73.81,74974200
LLY,2004/03/31,73.85,73.98,64.51,66.9,80809300
LLY,2004/02/27,67.78,74.71,67.52,73.94,64587200
LLY,2004/01/30,70.85,72.15,66.55,68.04,85760400
LLY,2003/12/31,68.56,73.89,68.25,70.33,68263300
LLY,2003/11/28,66.63,72.8,64.541,68.8,75127500
LLY,2003/10/31,62.0,67.9,60.34,66.62,84823000
LLY,2003/09/30,66.6,67.02,57.901,59.4,88170000
LLY,2003/08/29,65.1,66.6,60.81,66.53,67635400
LLY,2003/07/31,68.9,70.44,61.87,65.84,66125700
LLY,2003/06/30,60.58,71.4,57.97,68.97,101101600
LLY,2003/05/30,63.82,64.9,56.51,59.77,84690200
LLY,2003/04/30,57.55,64.94,56.72,63.82,64834400
LLY,2003/03/31,56.75,58.95,52.77,57.15,62724800
LLY,2003/02/28,61.1,62.76,55.09,56.56,58374200
LLY,2003/01/31,64.85,68.8,58.7,60.24,68123000
LLY,2002/12/31,69.15,69.7,62.15,63.5,61465200
LLY,2002/11/29,55.37,69.2,55.0,68.3,90550200
LLY,2002/10/31,55.25,65.0,54.84,55.5,107878800
LLY,2002/09/30,57.7,60.0,54.15,55.34,63328700
LLY,2002/08/30,58.42,62.2,51.35,58.05,77355900
LLY,2002/07/31,56.4,59.24,43.75,58.42,136740600
LLY,2002/06/28,64.7,65.0,55.79,56.4,67901300
LLY,2002/05/31,67.0,68.27,62.79,64.7,73328300
LLY,2002/04/30,78.0,78.9,62.99,66.05,88334300
LLY,2002/03/28,75.65,81.09,74.55,76.2,58420900
LLY,2002/02/28,75.2,77.99,72.15,75.73,45932000
LLY,2002/01/31,78.5,78.85,72.91,75.1,68016600
LLY,2001/12/31,84.04,84.3,76.69,78.54,69137300
LLY,2001/11/30,76.5,83.79,75.92,82.67,58583400
LLY,2001/10/31,80.58,82.99,73.5,76.5,120347500
LLY,2001/09/28,78.2,81.34,71.81,80.7,60403300
LLY,2001/08/31,79.0,83.76,76.7,77.63,53350500
LLY,2001/07/31,74.5,80.48,74.0,79.28,58028600
LLY,2001/06/29,84.9,88.47,73.28,74.0,66227100
LLY,2001/05/31,84.9,88.65,83.01,84.7,54787500
LLY,2001/04/30,76.91,85.19,74.01,85.0,66888500
LLY,2001/03/30,78.21,80.39,70.01,76.66,84213700
LLY,2001/02/28,78.8,83.7,72.75,79.46,79322200
LLY,2001/01/31,93.0,95.0,78.01,78.8,82588000
LLY,2000/12/29,93.0,94.63,86.5,93.06,56237800
LLY,2000/11/30,89.44,97.13,84.0,93.69,64299100
LLY,2000/10/31,81.25,90.5,79.56,89.38,64509800
LLY,2000/09/29,74.25,83.19,66.63,81.13,63336000
LLY,2000/08/31,104.1,108.9,73.0,73.02,114835600
LLY,2000/07/31,97.94,105.0,91.56,103.9,66124600
LLY,2000/06/30,77.0,109.0,71.25,99.88,111506200
LLY,2000/05/31,78.0,80.5,72.88,76.44,62479200
LLY,2000/04/28,64.25,78.5,63.75,77.13,71808700
LLY,2000/03/31,59.44,65.94,54.0,62.63,72490300
LLY,2000/02/29,65.88,66.5,56.13,59.44,56821700
LLY,2000/01/31,65.0,71.06,61.5,66.88,65907400
LLY,1999/12/31,71.13,73.88,63.63,66.5,52936700
