ticker,timestamp,open,high,low,close,volume
ABBV,2013/02/28,36.84,39.13,35.01,36.92,151690500
ABBV,2013/03/28,36.8,40.8,36.551,40.78,122236200
ABBV,2013/04/30,39.96,46.32,39.96,46.05,176083000
ABBV,2013/05/31,45.74,48,42.6825,42.69,119566400
ABBV,2013/06/28,42.88,44.47,40.1,41.34,107872600
ABBV,2013/07/31,41.4,45.91,41.07,45.48,85701800
ABBV,2013/08/30,45.14,45.9,42.25,42.61,78325100
ABBV,2013/09/30,43,48.42,42.31,44.73,95067300
ABBV,2013/10/31,44.81,50.2,44.32,48.45,117974800
ABBV,2013/11/29,48.64,49.96,46.83,48.45,88611100
ABBV,2013/12/31,48.49,54.78,48.02,52.81,142934200
ABBV,2014/01/31,52.12,52.7,46.42,49.23,163880000
ABBV,2014/02/28,49.4,52.11,46.95,50.91,120695900
ABBV,2014/03/31,50.34,54.73,49.79,51.4,122225700
ABBV,2014/04/30,51.62,54.44,45.5,52.08,154855500
ABBV,2014/05/30,51.89,54.61,50.31,54.33,92470200
ABBV,2014/06/30,54.43,56.9,52.29,56.44,122883700
ABBV,2014/07/31,56.42,58.27,51.82,52.34,325939300
ABBV,2014/08/29,52.03,55.94,51.37,55.28,213154600
ABBV,2014/09/30,55.43,60.02,54.83,57.76,240252876
ABBV,2014/10/31,57.93,63.99,52.06,63.46,466041542
ABBV,2014/11/28,63.66,69.48,61.31,69.2,121409781
ABBV,2014/12/31,69.08,70.76,64.02,65.44,157658512
ABBV,2015/01/30,65.62,68.29,60.12,60.35,167896336
ABBV,2015/02/27,61.49,61.9,55.18,60.5,258894328
ABBV,2015/03/31,60.3,61.73,54.78,58.54,293327180
ABBV,2015/04/30,58.48,66.66,56.33,64.66,261299822
ABBV,2015/05/29,65.09,67.99,63.4,66.59,219974354
ABBV,2015/06/30,66.8,70.75,66.1,67.19,211499136
ABBV,2015/07/31,67.9,71.6,67.32,70.01,181337781
ABBV,2015/08/31,70.19,70.79,53.87,62.41,221506155
ABBV,2015/09/30,61.33,62.28,51.88,54.41,241006805
ABBV,2015/10/30,54.68,60.73,45.45,59.55,267028489
ABBV,2015/11/30,61.6,64.3,57.9601,58.15,157989326
ABBV,2015/12/31,58.23,60.12,53.24,59.24,160563343
ABBV,2016/01/29,58.06,59.81,50.71,54.9,217448415
ABBV,2016/02/29,54.16,57.31,51.6,54.61,183326177
ABBV,2016/03/31,54.78,57.87,54.24,57.12,140975748
ABBV,2016/04/29,56.58,62.1,56.36,61,140372529
ABBV,2016/05/31,60.79,63.87,58.5,62.93,206072595
ABBV,2016/06/30,62.9,65.37,58.329,61.91,211643211
ABBV,2016/07/29,61.98,66.4,61.77,66.23,153738770
ABBV,2016/08/31,66.23,68.1239,63.5,64.1,150348235
ABBV,2016/09/30,64.1,65.33,62.45,63.07,137679158
ABBV,2016/10/31,63.02,63.75,55.0623,55.78,133963726
ABBV,2016/11/30,56,65.05,55.68,60.8,195493786
ABBV,2016/12/30,60.83,63.33,58.75,62.62,149402248
ABBV,2017/01/31,62.92,64.5,59.27,61.11,156332934
ABBV,2017/02/28,61.07,62.4,60.05,61.84,126886059
ABBV,2017/03/31,62.16,66.79,61.95,65.16,143065659
ABBV,2017/04/28,65.24,67.5,63.1153,65.94,103181206
ABBV,2017/05/31,66,67.4,64.61,66.02,122414187
ABBV,2017/06/30,66.255,73.67,66.12,72.51,129951733
ABBV,2017/07/31,72.76,75.04,69.38,69.91,97993936
ABBV,2017/08/31,70.03,75.4,69.47,75.3,97289161
ABBV,2017/09/29,75.59,90.95,74.73,88.86,190163376
ABBV,2017/10/31,89.74,98.26,85.24,90.25,134875020
ABBV,2017/11/30,90.78,97.53,90.19,96.92,99591695
ABBV,2017/12/29,97.19,99.1,92.9,96.71,83433841
ABBV,2018/01/31,97.14,125.86,96.75,112.22,140712023
ABBV,2018/02/28,112.24,122,101,115.83,136960541
ABBV,2018/03/29,115.91,121.45,91.12,94.65,164890242
ABBV,2018/04/30,94,99.42,88.22,96.55,139836727
ABBV,2018/05/31,102.1,107.25,98.5,98.94,243029478
ABBV,2018/06/29,97.93,101.08,90.81,92.65,161878296
ABBV,2018/07/31,92.06,98.95,86.76,92.23,145194414
ABBV,2018/08/31,92.29,100.23,92.28,95.98,111960508
ABBV,2018/09/28,95.97,96.4,90.4,94.58,98561247
ABBV,2018/10/31,94.74,96.6,77.74,77.85,138287641
ABBV,2018/11/30,77.71,94.27,77.5,94.27,162382805
ABBV,2018/12/31,94.32,94.98,82.41,92.19,125818347
ABBV,2019/01/31,91.24,92.3,75.77,80.29,181094702
ABBV,2019/02/28,80.25,81.7,77.52,79.24,108610842
ABBV,2019/03/29,79.77,81.99,77.09,80.59,128127680
ABBV,2019/04/30,80.98,84.73,76.81,79.39,127086596
ABBV,2019/05/31,79.6,81.75,75.62,76.71,101085914
ABBV,2019/06/28,76.63,79.34,65.06,72.72,258341384
ABBV,2019/07/31,73.5,74.97,65.63,66.62,245440413
ABBV,2019/08/30,66.93,68.46,62.66,65.74,190272201
ABBV,2019/09/30,65.78,76.44,64.44,75.72,167829742
ABBV,2019/10/31,75.89,79.79,71.57,79.55,165129444
ABBV,2019/11/29,80.03,90.41,79.13,87.73,162856799
ABBV,2019/12/31,87.84,91.99,85.59,88.54,141829998
ABBV,2020/01/31,89.08,90.29,80.41,81.02,191549416
ABBV,2020/02/28,81.31,97.86,80.92,85.71,204643938
ABBV,2020/03/31,86,91.86,62.55,76.19,368052041
ABBV,2020/04/30,72.12,85.97,71.43,82.2,204672429
ABBV,2020/05/29,81.95,93.66,80.5,92.67,272446683
ABBV,2020/06/30,92.05,99.35,89.6,98.18,187430663
ABBV,2020/07/31,98.5,101.28,93.55,94.91,142070249
ABBV,2020/08/31,95.19,97.42,91.78,95.77,135946804
ABBV,2020/09/30,95.52,95.92,85.32,87.59,165933331
ABBV,2020/10/30,88.17,88.8,79.1101,85.1,171550035
ABBV,2020/11/30,86.03,105.8,86,104.58,202165468
ABBV,2020/12/31,105.05,109.15,101.5478,107.15,142797150
ABBV,2021/01/29,107.18,113.41,101.8117,102.48,147712852
ABBV,2021/02/26,103,110.27,101.86,107.74,141831911
ABBV,2021/03/31,108.53,111.08,102.05,108.22,168030371
ABBV,2021/04/30,108.92,112.61,104.17,111.5,134588899
ABBV,2021/05/28,112.4,118.28,111.59,113.2,151432684
ABBV,2021/06/30,113.7,116.99,110.65,112.64,125324817
ABBV,2021/07/30,112.95,119.15,112.89,116.3,120210275
ABBV,2021/08/31,116.89,121.4,112.92,120.78,119733215
ABBV,2021/09/30,121,121.53,105.56,107.87,210525485
ABBV,2021/10/29,108.25,114.92,106.86,114.67,137405538
ABBV,2021/11/30,115.25,119.33,113.57,115.28,110962762
ABBV,2021/12/31,115.78,136.83,115.6,135.4,149689413
ABBV,2022/01/31,135.41,138.3,128.26,136.89,168301644
ABBV,2022/02/28,137.37,150.36,133.05,147.77,164140888
ABBV,2022/03/31,147.67,164.659,146.21,162.11,150829420
ABBV,2022/04/29,162.15,175.91,139.93,146.88,178745398
ABBV,2022/05/31,146.65,156.89,143.44,147.37,143481531
ABBV,2022/06/30,147.79,156.62,135.76,153.16,132594299
ABBV,2022/07/29,153.08,155.25,139.05,143.51,116519638
ABBV,2022/08/31,141.51,143.98,134.17,134.46,109508278
ABBV,2022/09/30,134.64,145.54,134.09,134.21,125265425
ABBV,2022/10/31,135.88,153.99,135.3058,146.4,114547120
ABBV,2022/11/30,146.66,161.18,143.03,161.18,113847877
ABBV,2022/12/30,161,167.75,159.82,161.61,102509521
ABBV,2023/01/31,162.04,168.11,144.41,147.75,119769796
ABBV,2023/02/28,146.63,154.745,143.44,153.9,119527203
ABBV,2023/03/31,152.76,159.7,146.575,159.37,153989811
ABBV,2023/04/28,158.25,166.2,147.16,151.12,98825274
ABBV,2023/05/31,150.84,155.02,135.25,137.96,120201771
ABBV,2023/06/30,135.26,139.67,130.9601,134.73,135189166
ABBV,2023/07/31,134,151.76,132.7,149.58,119863991
ABBV,2023/08/31,150,153.6,145.94,146.96,89768321
ABBV,2023/09/29,147.36,154.88,143.74,149.06,85059957
ABBV,2023/10/16,148.47,150.4,145.355,147.23,42906921
